Cherkasy Raion	Cherkasy Oblast	Cherkasy
Uman Raion	Cherkasy Oblast	Uman
Zolotonosha Raion	Cherkasy Oblast	Zolotonosha
Zvenyhorodka Raion	Cherkasy Oblast	Zvenyhorodka
Chernihiv Raion	Chernihiv Oblast	Chernihiv
Nizhyn Raion	Chernihiv Oblast	Nizhyn
Pryluky Raion	Chernihiv Oblast	Pryluky
Novhorod-Siverskyi Raion	Chernihiv Oblast	Novhorod-Siverskyi
Koriukivka Raion	Chernihiv Oblast	Koriukivka
Chernivtsi Raion	Chernivtsi Oblast	Chernivtsi
Dnistrovskyi Raion	Chernivtsi Oblast	Kelmentsi
Vyzhnytsia Raion	Chernivtsi Oblast	Vyzhnytsia
Dnipro Raion	Dnipropetrovsk Oblast	Dnipro
Kryvyi Rih Raion	Dnipropetrovsk Oblast	Kryvyi Rih
Kamianske Raion	Dnipropetrovsk Oblast	Kamianske
Nikopol Raion	Dnipropetrovsk Oblast	Nikopol
Pavlohrad Raion	Dnipropetrovsk Oblast	Pavlohrad
Samar Raion	Dnipropetrovsk Oblast	Samar
Synelnykove Raion	Dnipropetrovsk Oblast	Synelnykove
Donetsk Raion	Donetsk Oblast	Donetsk
Mariupol Raion	Donetsk Oblast	Mariupol
Horlivka Raion	Donetsk Oblast	Horlivka
Kramatorsk Raion	Donetsk Oblast	Kramatorsk
Bakhmut Raion	Donetsk Oblast	Bakhmut
Pokrovsk Raion	Donetsk Oblast	Pokrovsk
Volnovakha Raion	Donetsk Oblast	Volnovakha
Kalmiuske Raion	Donetsk Oblast	Kalmiuske
Ivano-Frankivsk Raion	Ivano-Frankivsk Oblast	Ivano-Frankivsk
Kalush Raion	Ivano-Frankivsk Oblast	Kalush
Kolomyia Raion	Ivano-Frankivsk Oblast	Kolomyia
Nadvirna Raion	Ivano-Frankivsk Oblast	Nadvirna
Kosiv Raion	Ivano-Frankivsk Oblast	Kosiv
Verkhovyna Raion	Ivano-Frankivsk Oblast	Verkhovyna
Kharkiv Raion	Kharkiv Oblast	Kharkiv
Lozova Raion	Kharkiv Oblast	Lozova
Izium Raion	Kharkiv Oblast	Izium
Chuhuiv Raion	Kharkiv Oblast	Chuhuiv
Kupiansk Raion	Kharkiv Oblast	Kupiansk
Berestyn Raion	Kharkiv Oblast	Berestyn
Bohodukhiv Raion	Kharkiv Oblast	Bohodukhiv
Kherson Raion	Kherson Oblast	Kherson
Kakhovka Raion	Kherson Oblast	Nova Kakhovka
Henichesk Raion	Kherson Oblast	Henichesk
Skadovsk Raion	Kherson Oblast	Skadovsk
Beryslav Raion	Kherson Oblast	Beryslav
Khmelnytskyi Raion	Khmelnytskyi Oblast	Khmelnytskyi
Kamianets-Podilskyi Raion	Khmelnytskyi Oblast	Kamianets-Podilskyi
Shepetivka Raion	Khmelnytskyi Oblast	Shepetivka
Kropyvnytskyi Raion	Kirovohrad Oblast	Kropyvnytskyi
Oleksandriia Raion	Kirovohrad Oblast	Oleksandriia
Novoukrainka Raion	Kirovohrad Oblast	Novoukrainka
Holovanivsk Raion	Kirovohrad Oblast	Holovanivsk
Bila Tserkva Raion	Kyiv Oblast	Bila Tserkva
Brovary Raion	Kyiv Oblast	Brovary
Boryspil Raion	Kyiv Oblast	Boryspil
Fastiv Raion	Kyiv Oblast	Fastiv
Bucha Raion	Kyiv Oblast	Bucha
Obukhiv Raion	Kyiv Oblast	Obukhiv
Vyshhorod Raion	Kyiv Oblast	Vyshhorod
Luhansk Raion	Luhansk Oblast	Luhansk
Alchevsk Raion	Luhansk Oblast	Alchevsk
Siverskodonetsk Raion	Luhansk Oblast	Siverskodonetsk
Dovzhansk Raion	Luhansk Oblast	Dovzhansk
Rovenky Raion	Luhansk Oblast	Rovenky
Svatove Raion	Luhansk Oblast	Svatove
Starobilsk Raion	Luhansk Oblast	Starobilsk
Shchastia Raion	Luhansk Oblast	Novoaidar
Lviv Raion	Lviv Oblast	Lviv
Drohobych Raion	Lviv Oblast	Drohobych
Sheptytskyi Raion	Lviv Oblast	Sheptytskyi
Stryi Raion	Lviv Oblast	Stryi
Sambir Raion	Lviv Oblast	Sambir
Zolochiv Raion	Lviv Oblast	Zolochiv
Yavoriv Raion	Lviv Oblast	Yavoriv
Mykolaiv Raion	Mykolaiv Oblast	Mykolaiv
Pervomaisk Raion	Mykolaiv Oblast	Pervomaisk
Voznesensk Raion	Mykolaiv Oblast	Voznesensk
Bashtanka Raion	Mykolaiv Oblast	Bashtanka
Odesa Raion	Odesa Oblast	Odesa
Izmail Raion	Odesa Oblast	Izmail
Bilhorod-Dnistrovskyi Raion	Odesa Oblast	Bilhorod-Dnistrovskyi
Podilsk Raion	Odesa Oblast	Podilsk
Rozdilna Raion	Odesa Oblast	Rozdilna
Bolhrad Raion	Odesa Oblast	Bolhrad
Berezivka Raion	Odesa Oblast	Berezivka
Poltava Raion	Poltava Oblast	Poltava
Kremenchuk Raion	Poltava Oblast	Kremenchuk
Lubny Raion	Poltava Oblast	Lubny
Myrhorod Raion	Poltava Oblast	Myrhorod
Rivne Raion	Rivne Oblast	Rivne
Varash Raion	Rivne Oblast	Varash
Dubno Raion	Rivne Oblast	Dubno
Sarny Raion	Rivne Oblast	Sarny
Sumy Raion	Sumy Oblast	Sumy
Konotop Raion	Sumy Oblast	Konotop
Shostka Raion	Sumy Oblast	Shostka
Okhtyrka Raion	Sumy Oblast	Okhtyrka
Romny Raion	Sumy Oblast	Romny
Ternopil Raion	Ternopil Oblast	Ternopil
Chortkiv Raion	Ternopil Oblast	Chortkiv
Kremenets Raion	Ternopil Oblast	Kremenets
Vinnytsia Raion	Vinnytsia Oblast	Vinnytsia
Zhmerynka Raion	Vinnytsia Oblast	Zhmerynka
Mohyliv-Podilskyi Raion	Vinnytsia Oblast	Mohyliv-Podilskyi
Khmilnyk Raion	Vinnytsia Oblast	Khmilnyk
Haisyn Raion	Vinnytsia Oblast	Haisyn
Tulchyn Raion	Vinnytsia Oblast	Tulchyn
Lutsk Raion	Volyn Oblast	Lutsk
Kovel Raion	Volyn Oblast	Kovel
Volodymyr Raion	Volyn Oblast	Volodymyr
Kamin-Kashyrskyi Raion	Volyn Oblast	Kamin-Kashyrskyi
Uzhhorod Raion	Zakarpattia Oblast	Uzhhorod
Mukachevo Raion	Zakarpattia Oblast	Mukachevo
Khust Raion	Zakarpattia Oblast	Khust
Berehove Raion	Zakarpattia Oblast	Berehove
Rakhiv Raion	Zakarpattia Oblast	Rakhiv
Tiachiv Raion	Zakarpattia Oblast	Tiachiv
Zaporizhzhia Raion	Zaporizhzhia Oblast	Zaporizhzhia
Melitopol Raion	Zaporizhzhia Oblast	Melitopol
Berdiansk Raion	Zaporizhzhia Oblast	Berdiansk
Polohy Raion	Zaporizhzhia Oblast	Polohy
Vasylivka Raion	Zaporizhzhia Oblast	Vasylivka
Zhytomyr Raion	Zhytomyr Oblast	Zhytomyr
Berdychiv Raion	Zhytomyr Oblast	Berdychiv
Korosten Raion	Zhytomyr Oblast	Korosten
Zviahel Raion	Zhytomyr Oblast	Zviahel
Bakhchysarai Raion	Autonomous Republic of Crimea	Bakhchysarai
Bilohirsk Raion	Autonomous Republic of Crimea	Bilohirsk
Dzhankoi Raion	Autonomous Republic of Crimea	Dzhankoi
Feodosia Raion	Autonomous Republic of Crimea	Feodosia
Kerch Raion	Autonomous Republic of Crimea	Kerch
Perekop Raion	Autonomous Republic of Crimea	Yany Kapu
Kurman Raion	Autonomous Republic of Crimea	Kurman
Simferopol Raion	Autonomous Republic of Crimea	Simferopol
Yalta Raion	Autonomous Republic of Crimea	Yalta
Yevpatoria Raion	Autonomous Republic of Crimea	Yevpatoria
